url,title
https://gihyo.jp/dp/ebook/2021/978-4-297-12495-3,情報処理技術者試験 令和04年【春期】応用情報技術者 パーフェクトラーニング過去問題集
https://gihyo.jp/dp/ebook/2021/978-4-297-12420-5,情報処理技術者試験 令和04年 情報セキュリティマネジメント パーフェクトラーニング過去問題集
https://gihyo.jp/dp/ebook/2021/978-4-297-12446-5,実践的データ基盤への処方箋〜ビジネス価値創出のためのデータ・システム・ヒトのノウハウ
https://gihyo.jp/dp/ebook/2021/978-4-297-12484-7,ゼロからはじめる ゼロからはじめるスマホで楽しむ LINE超入門［Android対応版］
https://gihyo.jp/dp/ebook/2021/978-4-297-12493-9,今すぐ使えるかんたん 今すぐ使えるかんたんYouTube動画編集入門
https://gihyo.jp/dp/ebook/2021/978-4-297-12499-1,図解即戦力 図解即戦力介護ビジネス業界のしくみと仕事がこれ1冊でしっかりわかる教科書
https://gihyo.jp/dp/ebook/2021/978-4-297-12412-0,情報処理技術者試験 令和04年 情報セキュリティマネジメント 合格教本
https://gihyo.jp/dp/ebook/2021/978-4-297-12460-1,失敗から学ぶマーケティング～売れないモノには理由がある～
https://gihyo.jp/dp/ebook/2021/978-4-297-12438-0,Software Design plus プロを目指す人のためのRuby入門［改訂2版］ 言語仕様からテスト駆動開発・デバッグ技法まで
https://gihyo.jp/dp/ebook/2021/978-4-297-12573-8,ゴリラ部長が教えてくれた統計の「超」入門
https://gihyo.jp/dp/ebook/2021/978-4-297-12532-5,ゼロからはじめる ゼロからはじめるau Galaxy A21 シンプル SCV49 スマートガイド
https://gihyo.jp/dp/ebook/2021/978-4-297-12394-9,情報処理技術者試験 令和04年 イメージ＆クレバー方式でよくわかる 栢木先生の基本情報技術者教室
https://gihyo.jp/dp/ebook/2021/978-4-297-12396-3,情報処理技術者試験 令和04年 イメージ＆クレバー方式でよくわかる 栢木先生のITパスポート教室
https://gihyo.jp/dp/ebook/2021/978-4-297-12406-9,情報処理技術者試験 令和04年 基本情報技術者 合格教本
https://gihyo.jp/dp/ebook/2021/978-4-297-12422-9,情報処理技術者試験 令和04年 ITパスポート 合格教本
https://gihyo.jp/dp/ebook/2021/978-4-297-12430-4,Spring Framework 超入門～やさしくわかるWebアプリ開発～
https://gihyo.jp/dp/ebook/2021/978-4-297-12402-1,情報処理技術者試験 令和04年【上期】基本情報技術者 パーフェクトラーニング過去問題集
https://gihyo.jp/dp/ebook/2021/978-4-297-12559-2,今すぐ使えるかんたん 今すぐ使えるかんたんWindows 11
https://gihyo.jp/dp/ebook/2021/978-4-297-12440-3,COMODO（COMODO ライフブック） ただいま見直し中
https://gihyo.jp/dp/ebook/2021/978-4-297-12448-9,情報処理安全確保支援士試験 令和04年【春期】【秋期】情報処理安全確保支援士 合格教本
https://gihyo.jp/dp/ebook/2021/978-4-297-12434-2,作って学べる開発入門 作って学べる Unity本格入門［Unity 2021対応版］
https://gihyo.jp/dp/ebook/2021/978-4-297-12462-5,Minecraftオフィシャルブック マインクラフト さいごのたたかい［木の剣のものがたりシリーズ⑥］
https://gihyo.jp/dp/ebook/2021/978-4-297-12501-1,新・標準プログラマーズライブラリ 新・標準プログラマーズライブラリ試してわかる Python［基礎］入門
https://gihyo.jp/dp/ebook/2021/978-4-297-12517-2,数学のみかた，考え方 暗号から学ぶ代数学
https://gihyo.jp/dp/ebook/2021/978-4-297-11978-2,Software Design 2021年12月号
https://gihyo.jp/dp/ebook/2021/978-4-297-12442-7,インディーゲーム・サバイバルガイド
https://gihyo.jp/dp/ebook/2021/978-4-297-12386-4,急成長を導くマネージャーの型～地位・権力が通用しない時代の“イーブン”なマネジメント
https://gihyo.jp/dp/ebook/2021/978-4-297-12480-9,ゼロからはじめる ゼロからはじめるiPhone 12 スマートガイド iOS 15対応版
https://gihyo.jp/dp/ebook/2021/978-4-297-12478-6,ゼロからはじめる ゼロからはじめるiPhone SE 第2世代 スマートガイド iOS 15対応版
https://gihyo.jp/dp/ebook/2021/978-4-297-12503-5,ゼロからはじめる ゼロからはじめるiPhone 13 mini スマートガイド ドコモ完全対応版
